p,propLabel,effectif,
wdt:P106,occupation,60819,
wdt:P166,award received,39176,A regarder
wdt:P569,date of birth,29031,
wdt:P735,given name,28460,
wdt:P31,instance of,28358,
wdt:P21,sex or gender,28074,
wdt:P27,country of citizenship,27634,En cours
wdt:P108,employer,27381,A regarder
wdt:P101,field of work,26709,A regarder
wdt:P69,educated at,26607,Vérifier types d'école
wdt:P214,VIAF cluster ID,23412,
wdt:P19,place of birth,21285,
wdt:P463,member of,20746,A regarder
wdt:P570,date of death,20545,
wdt:P1412,languages spoken written or signed,19534,
wdt:P734,family name,19249,
wdt:P185,doctoral student,18739,A regarder
wdt:P213,ISNI,17847,
wdt:P1343,described by source,16294,
wdt:P10832,WorldCat Entities ID,14727,
wdt:P227,GND ID,14678,
wdt:P244,Library of Congress authority ID,14203,Regarder; API
wdt:P20,place of death,13517,
wdt:P269,IdRef ID,12682,
wdt:P1207,NUKAT ID,12134,
wdt:P2671,Google Knowledge Graph ID,9983,
wdt:P646,Freebase ID,9965,
wdt:P691,NL CR AUT ID,9638,
wdt:P1006,Nationale Thesaurus voor Auteursnamen ID,9523,
wdt:P8189,J9U ID,9302,
wdt:P18,image,8471,
wdt:P6104,maintained by WikiProject,7048,
wdt:P1556,zbMATH author ID,7033,
wdt:P3368,Prabook ID,6993,
wdt:P7902,Deutsche Biographie (GND) ID,6884,
wdt:P268,Bibliothèque nationale de France ID,6816,
wdt:P373,Commons category,6808,
wdt:P13049,DDB person (GND) ID,6272,
wdt:P9964,Kalliope-Verbund (GND) ID,6247,
wdt:P184,doctoral advisor,6074,
wdt:P1559,name in native language,5866,
wdt:P3987,SHARE Catalogue author ID,5576,
wdt:P512,academic degree,5493,Noter mais largement incomplet
wdt:P2163,FAST ID,5121,
wdt:P1015,NORAF ID,4965,
wdt:P7293,National Library of Poland Descriptor,4713,
wdt:P11496,CiNii Research ID,4662,
wdt:P271,NACSIS-CAT author ID,4619,
wdt:P549,Mathematics Genealogy Project ID,4353,
wdt:P648,Open Library ID,3715,
wdt:P937,work location,3665,
wdt:P119,place of burial,3602,
wdt:P3430,SNAC ARK ID,3504,
wdt:P39,position held,3429,
wdt:P3065,RERO ID (legacy),3359,
wdt:P973,described at URL,3219,
wdt:P2381,Academic Tree ID,3004,
wdt:P2600,Geni.com profile ID,2978,
wdt:P40,child,2788,
wdt:P4955,MR Author ID,2733,
wdt:P1153,Scopus author ID,2577,
wdt:P1280,CONOR.SI ID,2450,
wdt:P8880,AstroGen ID,2324,
wdt:P1368,National Library of Latvia ID,2283,
wdt:P800,notable work,2219,
wdt:P409,Libraries Australia ID,2159,
wdt:P396,SBN author ID,2153,
wdt:P8168,FactGrid item ID,2129,
wdt:P3365,Treccani ID,2126,
wdt:P1871,CERL Thesaurus ID,2121,
wdt:P1315,NLA Trove people ID,2114,
wdt:P8179,Canadiana Name Authority ID,2039,
wdt:P11249,KBR person ID,2009,
wdt:P802,student,1938,
wdt:P2949,WikiTree person ID,1929,
wdt:P12458,Parsifal cluster ID,1910,
wdt:P1417,Encyclopædia Britannica Online ID,1901,
wdt:P22,father,1884,
wdt:P349,NDL Authority ID,1878,
wdt:P26,spouse,1743,
wdt:P8947,Museo Galileo authority ID,1702,
wdt:P3373,sibling,1692,
wdt:P7305,Online PWN Encyclopedia ID,1666,
wdt:P103,native language,1660,
wdt:P6886,writing language,1608,
wdt:P535,Find a Grave memorial ID,1601,
wdt:P5019,Brockhaus Enzyklopädie online ID,1577,
wdt:P9984,CANTIC ID,1562,
wdt:P11686,University of Barcelona authority ID,1488,
wdt:P551,residence,1474,
wdt:P803,professorship,1459,
wdt:P950,National Library of Spain ID,1438,
wdt:P3222,NE.se ID,1431,
wdt:P5587,Libris-URI,1409,
wdt:P496,ORCID iD,1408,
wdt:P4342,Store norske leksikon (Great Norwegian Encyclopedia) ID,1405,
wdt:P906,SELIBR ID,1394,
wdt:P9626,Biographical Encyclopedia of Astronomers ID,1393,
wdt:P1296,Gran Enciclopèdia Catalana ID (former scheme),1368,
wdt:P12385,Gran Enciclopèdia Catalana ID,1366,
wdt:P1695,NLP ID (old),1361,
wdt:P949,National Library of Israel ID (old),1335,
wdt:P7982,Hrvatska enciklopedija ID,1311,
wdt:P1066,student of,1272,
wdt:P1580,University of Barcelona authority ID (former scheme),1267,
wdt:P4252,All-Russian Mathematical Portal ID,1261,
wdt:P1477,birth name,1260,
wdt:P5380,National Academy of Sciences member ID,1257,
wdt:P7699,National Library of Lithuania ID,1250,
wdt:P3360,Nobel Prize People Nomination ID,1234,
wdt:P5008,on focus list of Wikimedia project,1232,
wdt:P6178,Dimensions author ID,1232,
wdt:P8313,Lex ID,1222,
wdt:P2930,INSPIRE-HEP author ID,1192,
wdt:P3348,National Library of Greece ID,1175,
wdt:P1263,Notable Names Database,1161,
wdt:P6551,Physics History Network ID,1139,
wdt:P102,member of political party,1132,
wdt:P1273,CANTIC ID (former scheme),1132,
wdt:P8034,Vatican Library VcBA ID,1129,
wdt:P509,cause of death,1117,
wdt:P11514,Great Russian Encyclopedia portal ID,1103,
wdt:P1442,image of grave,1081,
wdt:P1889,different from,1076,
wdt:P12582,Oxford Reference overview ID,1042,
wdt:P1196,manner of death,971,
wdt:P6821,Alvin ID,968,
wdt:P6706,De Agostini ID,939,
wdt:P10242,Lur Encyclopedic Dictionary ID,936,
wdt:P7666,Visuotinė lietuvių enciklopedija ID,930,
wdt:P2924,Great Russian Encyclopedia Online ID (old version),925,
wdt:P3219,Encyclopædia Universalis ID,923,
wdt:P1375,NSK ID,922,
wdt:P3762,openMLOL author ID,921,
wdt:P1411,nominated for,918,
wdt:P10553,IxTheo authority ID,914,
wdt:P5034,National Library of Korea ID,910,
wdt:P6594,Guggenheim fellows ID,898,
wdt:P1415,Oxford Dictionary of National Biography ID,896,
wdt:P10565,Encyclopedia of China (Third Edition) ID,882,
wdt:P485,archives at,848,
wdt:P9467,IAU member ID,844,
wdt:P3029,UK National Archives ID,831,
wdt:P10299,Leopoldina member ID (new),830,
wdt:P12597,museum-digital person ID,828,
wdt:P1005,Portuguese National Library author ID,816,
wdt:P140,religion or worldview,802,
wdt:P910,topic's main category,799,
wdt:P7865,CoBiS author ID,798,
wdt:P5361,BNB person ID,794,
wdt:P3413,Leopoldina member ID (superseded),792,
wdt:P8349,Proleksis enciklopedija ID,789,
wdt:P10033,Biografija.ru ID,764,
wdt:P856,official website,739,
wdt:P1038,relative,737,
wdt:P1960,Google Scholar author ID,721,
wdt:P9044,GEPRIS Historisch person ID,715,
wdt:P9918,Kallías ID,709,
wdt:P9160,Biographical Dictionary of the Czech Lands ID,707,
wdt:P1284,Munzinger person ID,697,
wdt:P25,mother,689,
wdt:P1344,participant in,689,
wdt:P1563,MacTutor biography ID,687,
wdt:P9037,BHCL UUID,681,
wdt:P6385,Krugosvet article,680,
wdt:P4223,Treccani's Enciclopedia Italiana ID,673,
wdt:P7763,copyright status as a creator,646,
wdt:P1017,Vatican Library ID (former scheme),636,
wdt:P2383,CTHS person ID,631,
wdt:P10704,Biographical Memoirs of Fellows of the Royal Society ID,628,
wdt:P8826,edition humboldt digital ID,625,
wdt:P8612,past Fellow of the Royal Society ID,622,
wdt:P10227,National Library of Ireland ID,616,
wdt:P8851,CONOR.SR ID,606,
wdt:P607,conflict,598,
wdt:P5739,Pontificia Università della Santa Croce ID,594,
wdt:P109,signature,583,
wdt:P4823,American National Biography ID,582,
wdt:P4081,BHL creator ID,570,
wdt:P3124,Polish scientist ID,554,
wdt:P1816,National Portrait Gallery (London) person ID,539,
wdt:P6844,abART person ID,526,
wdt:P8914,ZOBODAT person ID,496,
wdt:P6394,ELNET ID,485,
wdt:P1814,name in kana,481,
wdt:P1185,Rodovid ID,475,
wdt:P8496,Archive Site Trinity College Cambridge ID,466,
wdt:P7029,National Library of Russia ID,461,
wdt:P8849,CONOR.BG ID,456,
wdt:P935,Commons gallery,454,
wdt:P8024,Nobel Laureate API ID,447,
wdt:P8153,Accademia delle Scienze di Torino ID,446,
wdt:P737,influenced by,438,
wdt:P9807,SNK ID,434,
wdt:P6379,has works in the collection,426,
wdt:P3973,PIM authority ID,422,
wdt:P2021,Erdős number,420,
wdt:P5731,Angelicum ID,420,
wdt:P3630,Babelio author ID,417,
wdt:P8172,Sejm-Wielki.pl profile ID,417,
wdt:P2456,DBLP author ID,415,
wdt:P640,Léonore ID,411,
wdt:P10480,symogih.org ID,411,
wdt:P1472,Commons Creator page,410,
wdt:P6194,Austrian Biographical Encyclopedia ID,395,
wdt:P9058,Fichier des personnes décédées ID (matchID),393,
wdt:P11152,Léonore Web ID,388,
wdt:P5463,AE member ID,381,
wdt:P1233,Internet Speculative Fiction Database author ID,380,
wdt:P7369,National Library of Chile ID,375,
wdt:P2038,ResearchGate profile ID,370,
wdt:P9371,FranceArchives agent ID,369,
wdt:P4619,National Library of Brazil ID,368,
wdt:P5375,BIU Santé person ID,367,
wdt:P3417,Quora topic ID,359,
wdt:P345,IMDb ID,350,
wdt:P4590,Atomic Heritage Foundation ID,348,
wdt:P1026,academic thesis,342,
wdt:P4293,PM20 folder ID,337,
wdt:P4613,Encyclopedia of Modern Ukraine ID,334,
wdt:P1938,Project Gutenberg author ID,331,
wdt:P5063,Interlingual Index ID,331,
wdt:P2650,interested in,327,
wdt:P3154,Runeberg author ID,324,
wdt:P1986,Treccani's Biographical Dictionary of Italian People ID,322,
wdt:P4215,nLab ID,322,
wdt:P2454,KNAW past member ID,318,
wdt:P2734,Unz Review author ID,314,
wdt:P2889,FamilySearch person ID,311,
wdt:P3074,Grace's Guide ID,311,
wdt:P434,MusicBrainz artist ID,305,
wdt:P2732,Persée author ID,304,
wdt:P11182,UOM ID,304,
wdt:P241,military branch,294,
wdt:P2070,Fellow of the Royal Society ID,290,
wdt:P3919,contributed to creative work,290,
wdt:P1053,ResearcherID,288,
wdt:P4629,Online Books Page author ID,282,
wdt:P1801,plaque image,279,
wdt:P12483,PMB – Personen der Moderne Basis person ID,279,
wdt:P4228,Encyclopedia of Australian Science ID,271,
wdt:P8902,Archives at Yale agent ID,268,
wdt:P10141,Academy of Athens authority ID,266,
wdt:P1741,GTAA ID,265,
wdt:P12541,Ludzie Nauki ID (new),262,
wdt:P13166,PUG authority ID,262,
wdt:P410,military or police rank,258,
wdt:P1416,affiliation,258,
wdt:P10252,Digital Mechanism and Gear Library ID,258,
wdt:P7142,Poincaré Papers person ID,256,
wdt:P6231,BDELIS ID,253,
wdt:P2963,Goodreads author ID,249,
wdt:P651,Biografisch Portaal van Nederland ID,246,
wdt:P7842,Vienna History Wiki ID,243,
wdt:P9322,SVKKL authority ID,243,
wdt:P7700,Slovak National Library (VIAF) ID,239,
wdt:P7131,Bureau des longitudes ID,237,
wdt:P1430,Open Plaques subject ID,236,
wdt:P951,NSZL (VIAF) ID,235,
wdt:P7400,LibraryThing author ID,235,
wdt:P3133,NSZL name authority ID,231,
wdt:P4012,Semantic Scholar author ID,231,
wdt:P2750,Photographers’ Identities Catalog ID,229,
wdt:P53,family,227,
wdt:P13183,JudaicaLink person (GND) ID,214,
wdt:P8980,KANTO ID,213,
wdt:P8081,WBIS ID,212,
wdt:P8814,WordNet 3.1 Synset ID,211,
wdt:P902,HDS ID,209,
wdt:P4638,The Peerage person ID,205,
wdt:P172,ethnic group,204,
wdt:P1225,U.S. National Archives Identifier,204,
wdt:P8094,GeneaStar person ID,204,
wdt:P1819,genealogics.org person ID,199,
wdt:P8832,PAN member,195,
wdt:P6235,Académie royale de Belgique member ID,193,
wdt:P5909,HKCAN ID,190,
wdt:P723,Digitale Bibliotheek voor de Nederlandse Letteren author ID,189,
wdt:P1971,number of children,189,
wdt:P3280,BAnQ authority ID,189,
wdt:P1607,Dialnet author ID,188,
wdt:P10297,Google Arts & Culture entity ID,188,
wdt:P793,significant event,186,
wdt:P9097,American Academy in Rome ID,185,
wdt:P742,pseudonym,183,
wdt:P13226,Hessian Biography person (GND) ID,183,
wdt:P641,sport,182,
wdt:P1711,British Museum person or institution ID,181,
wdt:P6023,ResearchGate contributions ID,177,
wdt:P2861,Leidse Hoogleraren ID,175,
wdt:P1890,CCAB ID,173,
wdt:P2943,warheroes.ru ID,173,
wdt:P97,noble title,170,
wdt:P8953,Students of Prague Universities ID,169,
wdt:P10880,Catalogus Professorum (TU Berlin) person ID,169,
wdt:P9251,Cyprus University of Technology ID,168,
wdt:P650,RKDartists ID,165,
wdt:P10632,OpenSanctions ID,165,
wdt:P7704,Europeana entity,164,
wdt:P1599,Cambridge Alumni Database ID,161,
wdt:P8998,Magyar életrajzi lexikon ID,161,
wdt:P2868,subject has role,160,
wdt:P9640,PAS member ID,160,
wdt:P10879,Hamburger Professorinnen- und Professorenkatalog ID,156,
wdt:P9507,NBM authority ID,154,
wdt:P245,Union List of Artist Names ID,153,
wdt:P1309,EGAXA ID,153,
wdt:P4359,gravsted.dk ID,153,
wdt:P2268,Musée d'Orsay artist ID,151,
wdt:P7929,Roglo person ID,151,
wdt:P6264,Harvard Index of Botanists ID,150,
wdt:P12749,SNARC ID,148,
wdt:P4432,Artists of the World ID,147,
wdt:P6683,Alexander Turnbull Library ID,146,
wdt:P10861,Springer Nature person ID,146,
wdt:P8795,Diamond Catalog ID for persons and organisations,145,
wdt:P12975,Lexikon der Mathematik entry ID,145,
wdt:P4124,Who's Who in France biography ID,142,
wdt:P6878,Erik Amburger database ID,142,
wdt:P12098,Kinobox person ID,140,
wdt:P611,religious order,139,
wdt:P3388,LittleSis people ID,139,
wdt:P6634,LinkedIn personal profile ID,139,
wdt:P2632,place of detention,136,
wdt:P9159,People Australia ID,134,
wdt:P3468,National Inventors Hall of Fame ID,133,
wdt:P9621,Treccani's Enciclopedia della Matematica ID,133,
wdt:P1907,Australian Dictionary of Biography ID,132,
wdt:P6829,Dictionary of Irish Biography ID,132,
wdt:P12800,Vikidia article ID,131,
wdt:P4789,Who's Who UK ID,130,
wdt:P4985,TMDB person ID,130,
wdt:P5370,Entomologists of the World ID,130,
wdt:P1150,Regensburg Classification,129,
wdt:P9247,Pontifical University of Salamanca ID,129,
wdt:P10608,FID performing arts ID,129,
wdt:P5617,Evene ID,128,
wdt:P10886,Austria-Forum person ID,128,
wdt:P6781,ProofWiki ID,125,
wdt:P1617,BBC Things ID,124,
wdt:P4431,Google Doodle,124,
wdt:P3411,Saxon Academy of Sciences member ID,123,
wdt:P1950,second family name in Spanish name,122,
wdt:P2349,Stuttgart Database of Scientific Illustrators ID,121,
wdt:P5357,Encyclopedia of Science Fiction ID,121,
wdt:P8833,Union Catalog of Armenian Libraries authority ID,121,
wdt:P2273,HAdW member ID,119,
wdt:P3846,DBC author ID,119,
wdt:P4285,Theses.fr person ID,119,
wdt:P5021,assessment,118,
wdt:P6282,French Academy of Sciences member ID,118,
wdt:P9114,Mathematica Italiana person ID,118,
wdt:P2450,Encyclopædia Britannica contributor ID,116,
wdt:P2031,work period (start),115,
wdt:P3217,Dictionary of Swedish National Biography ID,115,
wdt:P10302,Film.ru person ID,114,
wdt:P1953,Discogs artist ID,113,
wdt:P2607,BookBrainz author ID,112,
wdt:P1213,NLC authorities,111,
wdt:P3782,Artnet artist ID,110,
wdt:P5905,Comic Vine ID,110,
wdt:P2977,LBT person ID,109,
wdt:P1899,LibriVox author ID,108,
wdt:P4491,Isidore scholar ID,108,
wdt:P11014,Belarus in persons and events ID,108,
wdt:P945,allegiance,107,
wdt:P5243,Canal-U person ID,107,
wdt:P8341,Dansk Biografisk Leksikon ID,107,
wdt:P3829,Publons author ID,106,
wdt:P5462,RHE professor ID,106,
wdt:P6815,University of Amsterdam Album Academicum ID,106,
wdt:P443,pronunciation audio,105,
wdt:P1050,medical condition,105,
wdt:P1299,depicted by,104,
wdt:P4854,Uppslagsverket Finland ID,103,
wdt:P3342,significant person,101,
wdt:P428,botanist author abbreviation,100,
wdt:P586,IPNI author ID,100,
wdt:P866,Perlentaucher ID,99,
wdt:P8568,Jewish Virtual Library ID,98,
wdt:P701,Dodis ID,97,
wdt:P7578,DUC ID,96,
wdt:P4862,Amazon author ID,95,
wdt:P6479,IEEE Xplore author ID,95,
wdt:P9671,Bundesstiftung Aufarbeitung person ID,95,
wdt:P12439,civil rank,94,
wdt:P2188,BiblioNet author ID,93,
wdt:P4459,Spanish Biographical Dictionary ID,93,
wdt:P6058,Larousse ID,93,
wdt:P7744,Mille Anni di Scienza in Italia ID,93,
wdt:P4819,Swedish Portrait Archive ID,92,
wdt:P8079,elibrary.ru person ID,91,
wdt:P8750,Unione Romana Biblioteche Scientifiche ID,91,
wdt:P3226,HAS member ID,90,
wdt:P9545,Encyclopedia of China (Second Edition) ID,90,
wdt:P5056,patronym or matronym,89,
wdt:P2862,Catalogus Professorum Academiae Rheno-Traiectinae ID,88,
wdt:P511,honorific prefix,87,
wdt:P3602,candidacy in election,87,
wdt:P6556,SICRIS researcher ID,87,
wdt:P3241,Catholic Encyclopedia ID,85,
wdt:P6366,Microsoft Academic ID,85,
wdt:P8116,Encyclopedia of Brno History person ID,85,
wdt:P9049,ICCD agent ID,84,
wdt:P9171,RILM ID,83,
wdt:P3409,Catalogus Professorum Lipsiensis ID,82,
wdt:P3807,S2A3 Biographical Database ID,82,
wdt:P6722,FemBio ID,82,
wdt:P7941,Biografisch Woordenboek van Nederland: 1880-2000 ID,82,
wdt:P2966,National Library of Wales Authority ID,81,
wdt:P5821,ArhivX LOD,81,
wdt:P10780,Radio France person ID,81,
wdt:P270,CALIS ID,80,
wdt:P7502,Golden ID,79,
wdt:P8418,Oberwolfach mathematician ID,79,
wdt:P1449,nickname,78,
wdt:P4991,Biographical Dictionary of Georgia ID,78,
wdt:P9723,20th Century Chinese Biographical Database ID,78,
wdt:P11041,kulturstiftung.org person ID,78,
wdt:P1438,Jewish Encyclopedia ID (Russian),77,
wdt:P812,academic major,76,
wdt:P1087,Elo rating,76,
wdt:P1254,Slovenska biografija ID,76,
wdt:P2016,Catalogus Professorum Academiae Groninganae ID,76,
wdt:P3847,Open Library subject ID,76,
wdt:P2002,X (Twitter) username,75,
wdt:P5212,Armenian National Academy of Sciences ID,75,
wdt:P6327,Goodreads character ID,75,
wdt:P1248,KulturNav-ID,74,
wdt:P4759,Luminous-Lint ID,74,
wdt:P3051,Kindred Britain ID,73,
wdt:P9511,am.hayazg.info ID,73,
wdt:P3429,Electronic Enlightenment ID,72,
wdt:P8945,Museo Galileo biography ID,72,
wdt:P5306,LONSEA ID,71,
wdt:P8130,Internetowy Polski Słownik Biograficzny ID,71,
wdt:P10069,Tabakalera ID,71,
wdt:P3956,National Academy of Medicine (France) member ID,70,
wdt:P7847,DigitaltMuseum ID,70,
wdt:P135,movement,69,
wdt:P6174,The World Academy of Sciences fellow ID,69,
wdt:P9541,MacArthur Fellows Program ID,69,
wdt:P1303,instrument,68,
wdt:P1631,China Vitae person ID,68,
wdt:P6944,Bionomia ID,68,
wdt:P136,genre,67,
wdt:P2492,MTMT author ID,67,
wdt:P5489,artist-info artist ID,67,
wdt:P5570,NooSFere author ID,67,
wdt:P10018,George Eastman Museum people ID,67,
wdt:P11621,Hungarian National Namespace person ID (new),67,
wdt:P8728,Nachlässe in Austria ID,66,
wdt:P11146,collection items at,66,
wdt:P361,part of,65,
wdt:P2180,Kansallisbiografia ID,65,
wdt:P5421,Trading Card Database person ID,65,
wdt:P7545,askArt person ID,65,
wdt:P8238,Bibliography of the History of Slovakia ID,65,
wdt:P9324,BiographySampo person ID,65,
wdt:P12890,Imperial University of Dorpat student ID,65,
wdt:P3475,SANU member ID,64,
wdt:P10554,BillionGraves grave ID,64,
wdt:P2032,work period (end),63,
wdt:P2191,Vegetti Catalog of Fantastic Literature NILF ID,63,
wdt:P6988,Hungarian National Namespace person ID (old),63,
wdt:P7349,Gazetteer for Scotland person ID,63,
wdt:P12614,az.lib.ru author ID,63,
wdt:P1670,Canadiana Authorities ID (former scheme),62,
wdt:P2953,Estonian Research Portal person ID,62,
wdt:P3544,Te Papa agent ID,62,
wdt:P450,astronaut mission,61,
wdt:P947,RSL ID (person),61,
wdt:P5080,Norsk biografisk leksikon ID,61,
wdt:P8214,curriculum vitae URL,61,
wdt:P13019,RedBA Granada authority ID,61,
wdt:P6715,SIUSA archive producer person ID,60,
wdt:P8219,ASUT ID,60,
wdt:P9352,Portrait Archive ID,60,
wdt:P9776,e-Rad researcher number,60,
wdt:P12086,WikiKids ID,60,
wdt:P13051,CIRDOC author ID,60,
wdt:P5395,Canadian Encyclopedia article ID,59,
wdt:P8547,BHF author ID,59,
wdt:P13030,Münzkabinett ID,59,
wdt:P2298,NSDAP membership number (1925–1945),57,
wdt:P2799,BVMC person ID,57,
wdt:P3569,Cultureel Woordenboek ID,57,
wdt:P7208,Liber Liber author ID,57,
wdt:P9495,National Historical Museums of Sweden ID,57,
wdt:P4927,Invaluable.com person ID,56,
wdt:P11834,Professor at Cologne univ. ID,56,
wdt:P2013,Facebook username,55,
wdt:P2190,C-SPAN person string ID (deprecated),55,
wdt:P2605,ČSFD person ID,55,
wdt:P5419,NYRB contributor ID,55,
wdt:P5541,Paris Faculty of Science professor ID,55,
wdt:P6037,ProsopoMaths ID,55,
wdt:P10660,C-SPAN person numeric ID,55,
wdt:P863,InPhO ID,54,
wdt:P9594,Bodleian Archives & Manuscripts person ID,54,
wdt:P864,ACM Digital Library author ID,53,
wdt:P5504,RISM ID,53,
wdt:P6234,Biographie nationale de Belgique ID,53,
wdt:P2561,name,52,
wdt:P13022,Koha Kütüphane ID,52,
wdt:P4872,GEPRIS person ID,51,
wdt:P8951,Order of Canada recipient ID,51,
wdt:P7993,Treccani's Dizionario di Filosofia ID,50,
wdt:P9720,fotoCH photographer ID,50,
wdt:P7726,PlanetMath ID,49,
wdt:P9661,EBAF authority ID,49,
wdt:P3788,BNMM authority ID,48,
wdt:P4602,date of burial or cremation,48,
wdt:P4666,CineMagia person ID,48,
wdt:P4839,Wolfram Language entity code,48,
wdt:P8017,generational suffix,48,
wdt:P8446,Gateway to Research person ID,48,
wdt:P8591,Grove Music Online ID,48,
wdt:P8687,social media followers,48,
wdt:P2639,Filmportal ID,47,
wdt:P2940,Catalogus Professorum Rostochiensium ID,47,
wdt:P6698,Japan Search name ID,47,
wdt:P9579,vedidk ID,47,
wdt:P11156,MMB ID,47,
wdt:P3390,NLB authority ID,46,
wdt:P4574,Norwegian historical register of persons ID,46,
wdt:P5297,Companies House officer ID,46,
wdt:P2005,Catalogus Professorum Halensis ID,45,
wdt:P2029,Dictionary of Ulster Biography ID,45,
wdt:P2798,Loop ID,45,
wdt:P3887,KVAB member ID,45,
wdt:P4159,WeRelate person ID,45,
wdt:P6802,related image,45,
wdt:P9743,Podchaser creator ID,45,
wdt:P10085,biografiA ID,45,
wdt:P10881,Kieler Gelehrtenverzeichnis ID,45,
wdt:P6868,Hoopla artist ID,44,
wdt:P8590,Jewish Encyclopedia ID,44,
wdt:P8885,Namuwiki ID,44,
wdt:P10017,Treccani's Dizionario delle Scienze Fisiche ID,44,
wdt:P10757,Personality Database profile ID,44,
wdt:P1341,Italian Chamber of Deputies dati ID,43,
wdt:P8044,Frankfurter Personenlexikon ID,43,
wdt:P9802,Penguin Random House author ID,43,
wdt:P9871,INAPP author ID,43,
wdt:P9985,EMBO member ID,43,
wdt:P9081,SEARCH on line catalogue ID,42,
wdt:P1327,partner in business or sport,41,
wdt:P2418,Structurae person ID,41,
wdt:P2611,TED speaker ID,41,
wdt:P8581,Hrvatski biografski leksikon ID,41,
wdt:P8899,Swedish National Library Arken ID,41,
wdt:P94,coat of arms image,40,
wdt:P1317,floruit,40,
wdt:P4539,Collective Biographies of Women ID,40,
wdt:P6734,Archaeology Data Service person ID,40,
wdt:P4200,Christie's creator ID,39,
wdt:P5552,CNRS Talent page,39,
wdt:P12040,J. Paul Getty Museum agent ID,39,
wdt:P54,member of sports team,38,
wdt:P1321,geographic affiliation of a swiss national,38,
wdt:P5029,Researchmap ID,38,
wdt:P10376,ScienceDirect topic ID,38,
wdt:P11180,Central Library of Volos authority ID,38,
wdt:P5415,Whonamedit? doctor ID,37,
wdt:P7783,J-GLOBAL ID,37,
wdt:P9600,oral history at,37,
wdt:P10013,SNSF person ID,37,
wdt:P10307,CYT/CCS,37,
wdt:P13029,Historical Encyclopedia of Siberia ID,37,
wdt:P2015,Hansard (1803–2005) ID,36,
wdt:P2174,Museum of Modern Art artist ID,36,
wdt:P5647,Baidu ScholarID,36,
wdt:P8589,Carl-Maria-von-Weber-Gesamtausgabe ID,36,
wdt:P12386,Dansk Forfatterleksikon ID,36,
wdt:P1710,Sächsische Biografie (GND) ID,35,
wdt:P1830,owner of,35,
wdt:P5715,Academia.edu profile URL,35,
wdt:P6578,MutualArt artist ID,35,
wdt:P7444,Rijksmuseum Research Library authority ID,35,
wdt:P9300,Terezín Memorial Database ID,35,
wdt:P10707,AccessScience ID,35,
wdt:P10882,Met Constituent ID,35,
wdt:P12858,UNIBO professor ID,35,
wdt:P3965,Bridgeman artist ID,34,
wdt:P5695,Bibliopoche author ID,34,
wdt:P7796,BeWeb person ID,34,
wdt:P10849,Beamish peerage database person ID,34,
wdt:P11185,Levadia Library ID,34,
wdt:P11239,DFK Paris person ID,34,
wdt:P989,spoken text audio,33,
wdt:P2252,National Gallery of Art artist ID,33,
wdt:P2581,BabelNet ID,33,
wdt:P3885,History of Modern Biomedicine ID,33,
wdt:P3954,Senate of the Kingdom of Italy ID (obsolete),33,
wdt:P5441,Encyclopaedia Herder person ID,33,
wdt:P11195,Annales des mines person ID,33,
wdt:P12520,Italian Senate (1848-1943) ID,33,
wdt:P1532,country for sport,32,
wdt:P2843,Benezit ID,32,
wdt:P5776,Arnet Miner author ID,32,
wdt:P1782,courtesy name,31,
wdt:P1787,art name,31,
wdt:P2042,Artsy artist ID,31,
wdt:P2873,time in space,31,
wdt:P4104,Carnegie Hall agent ID,31,
wdt:P4343,WBPLN author ID,31,
wdt:P4389,Science Museum people ID,31,
wdt:P5516,Virtual Laboratory person ID,31,
wdt:P6488,Enciclopedia delle donne ID,31,
wdt:P6702,Shanghai Library person ID,31,
wdt:P8669,Encyclopaedia Beliana ID,31,
wdt:P9682,Gutenberg Biographics ID,31,
wdt:P11158,Dimitri and Aliki Perrotis Central Library ID,31,
wdt:P9036,I professori dell'Università di Pavia (1859-1961) ID,30,
wdt:P9164,Svenska Institutet i Rom ID,30,
wdt:P9493,artist files at,30,
wdt:P1045,Sycomore ID,29,
wdt:P4553,RA Collections ID,29,
wdt:P4936,SFMOMA artist ID,29,
wdt:P5298,Webb-site person ID,29,
wdt:P9163,Obrazi slovenskih pokrajin ID,29,
wdt:P66,ancestral home,28,
wdt:P3946,Dictionary Grierson ID,28,
wdt:P7024,Flemish Public Libraries ID,28,
wdt:P7433,FantLab author ID,28,
wdt:P9179,Biblioteca Iglesia Nacional Española en Roma ID,28,
wdt:P9956,IRIS Sapienza author ID,28,
wdt:P11870,The Literary Encyclopedia person ID,28,
wdt:P237,coat of arms,27,
wdt:P2604,Kinopoisk person ID,27,
wdt:P2753,Dictionary of Canadian Biography ID,27,
wdt:P5508,archINFORM person/group ID,27,
wdt:P7449,NARCIS researcher ID,27,
wdt:P8413,academic appointment,27,
wdt:P9223,Provenio UUID,27,
wdt:P898,IPA transcription,26,
wdt:P2533,WomenWriters ID,26,
wdt:P3187,Marburger Professorenkatalog ID,26,
wdt:P8848,CONOR.AL ID,26,
wdt:P9113,Patrinum ID,26,
wdt:P2745,Dictionary of New Zealand Biography ID,25,
wdt:P3159,UGentMemorialis professor ID,25,
wdt:P5882,Muziekweb performer ID,25,
wdt:P7237,China Engineering Expert Tank ID,25,
wdt:P7311,Aozora Bunko author ID,25,
wdt:P8085,Curran Index contributor ID,25,
wdt:P8309,Yle topic ID,25,
wdt:P9222,bashenc.online ID,25,
wdt:P1598,consecrator,24,
wdt:P1648,Dictionary of Welsh Biography ID,24,
wdt:P1802,Early Modern Letters Online person ID,24,
wdt:P2342,AGORHA person/institution ID,24,
wdt:P4724,Maitron ID,24,
wdt:P5859,Adelphi author ID,24,
wdt:P6520,Lokalhistoriewiki.no article ID,24,
wdt:P7445,Basis Wien person ID,24,
wdt:P8713,Stadtwiki Dresden article,24,
wdt:P1035,honorific suffix,23,
wdt:P1260,Swedish Open Cultural Heritage URI,23,
wdt:P2287,CRIStin ID,23,
wdt:P3325,student register of the University of Helsinki ID (1853–1899),23,
wdt:P4527,UK Parliament thesaurus ID,23,
wdt:P4808,Royal Academy new identifier,23,
wdt:P6482,Image Archive; Herder Institute,23,
wdt:P6746,Paměť národa ID,23,
wdt:P9307,Fancyclopedia 3 ID,23,
wdt:P9662,LdiF person ID,23,
wdt:P10387,Databazeknih.cz author ID,23,
wdt:P10,video,22,
wdt:P839,IMSLP ID,22,
wdt:P1813,short name,22,
wdt:P2941,Munk's Roll ID,22,
wdt:P3123,Stanford Encyclopedia of Philosophy ID,22,
wdt:P4928,Ricorso author ID,22,
wdt:P5273,Nelson-Atkins Museum of Art person ID,22,
wdt:P5664,Savoirs ENS ID,22,
wdt:P6081,RIA Novosti reference,22,
wdt:P6424,affiliation string,22,
wdt:P6723,BlackPast.org ID,22,
wdt:P6917,Historical Archives of the European Union ID,22,
wdt:P7753,Projekt Gutenberg-DE author ID,22,
wdt:P8406,Grove Art Online ID,22,
wdt:P8748,Rheinland-Pfälzische Personendatenbank (GND) ID,22,
wdt:P9085,Aracne author ID,22,
wdt:P9232,Obituaries Australia ID,22,
wdt:P9786,Joods Biografisch Woordenboek ID,22,
wdt:P10283,OpenAlex ID,22,
wdt:P11155,Municipal Library of Trikala ID,22,
wdt:P6038,AFAS author ID,21,
wdt:P6872,has written for,21,
wdt:P9430,Encyclopedia of Jewish Women ID,21,
wdt:P9756,Schoenberg Database of Manuscripts name ID,21,
wdt:P10231,WikiStrinda article ID,21,
wdt:P10700,Parcours de vies dans la Royale ID,21,
wdt:P10844,Teresianum authority ID,21,
wdt:P451,unmarried partner,20,
wdt:P1007,Lattes Platform number,20,
wdt:P1142,political ideology,20,
wdt:P3233,PhilPeople profile,20,
wdt:P5368,National Gallery of Canada artist ID,20,
wdt:P5443,Collège de France professor ID,20,
wdt:P6214,Jewish Museum Berlin person ID,20,
wdt:P6828,Czech parliament ID,20,
wdt:P8317,Philadelphia Museum of Art entity ID,20,
wdt:P9178,Biblioteca Franco Serantini ID,20,
wdt:P10864,Bibale ID,20,
wdt:P1665,Chessgames.com player ID,19,
wdt:P2562,married name,19,
wdt:P4521,Radio Radicale person ID,19,
wdt:P6900,NicoNicoPedia ID,19,
wdt:P8367,Legacy.com person ID,19,
wdt:P8793,Quirinale ID,19,
wdt:P9298,Encyclopedia of Plzeň person ID,19,
wdt:P9629,Armeniapedia ID,19,
wdt:P9656,Istituto Veneto di Scienze; Lettere ed Arti member ID,19,
wdt:P9795,ARPI author ID,19,
wdt:P10596,Chuvash Encyclopedia person ID,19,
wdt:P12595,National Library of Uruguay authority ID,19,
wdt:P2397,YouTube channel ID,18,
wdt:P5329,ARMB member ID,18,
wdt:P5645,Académie française award winner ID,18,
wdt:P6262,Fandom article ID,18,
wdt:P7663,Scienza a due voci ID,18,
wdt:P9285,Stadtlexikon Karlsruhe ID,18,
wdt:P9599,Polo bibliografico della ricerca author ID,18,
wdt:P10226,Archivio Storico dell'Università degli Studi di Cagliari person ID,18,
wdt:P12365,HistoryMakers Maker Directory ID,18,
wdt:P12836,Douban personage ID,18,
wdt:P13170,ZSL authority ID,18,
wdt:P1977,Les Archives du spectacle person ID,17,
wdt:P2171,TheyWorkForYou ID,17,
wdt:P3218,Auñamendi ID,17,
wdt:P3794,Dictionary of Sydney ID,17,
wdt:P4992,DBA ID,17,
wdt:P5101,Swedish Literature Bank Author ID,17,
wdt:P5320,IUF member ID,17,
wdt:P5632,Persons of Indian Studies ID,17,
wdt:P7898,National Aviation Hall of Fame ID,17,
wdt:P8234,LiederNet author ID,17,
wdt:P8854,Salzburgwiki ID,17,
wdt:P9226,ARAE ID,17,
wdt:P10021,UAE University Libraries ID,17,
wdt:P10314,Archivio Biografico Comunale (Palermo) ID,17,
wdt:P12984,Stadtwiki Karlsruhe ID,17,
wdt:P968,email address,16,
wdt:P1331,PACE member ID,16,
wdt:P1367,Art UK artist ID,16,
wdt:P2030,NASA biographical ID,16,
wdt:P3716,social classification,16,
wdt:P3874,Justia Patents inventor ID,16,
wdt:P5661,Académie de Montpellier member ID,16,
wdt:P6275,copyright representative,16,
wdt:P7671,Semion author ID,16,
wdt:P8286,Olympedia people ID,16,
wdt:P9995,MYmovies person ID,16,
wdt:P10789,Lithuania Minor Encyclopedia ID,16,
wdt:P11628,Biographical Dictionary of Emigrants of Georgia ID,16,
wdt:P12173,Newman Numismatics Portal ID,16,
wdt:P13017,Latgales dati person ID,16,
wdt:P835,author citation (zoology),15,
wdt:P1048,NCL ID,15,
wdt:P2558,autores.uy ID,15,
wdt:P3553,Zhihu topic ID,15,
wdt:P4026,Cullum number,15,
wdt:P4471,Rush Parliamentary Archive ID,15,
wdt:P7026,Lebanese National Library ID,15,
wdt:P7203,Dizionario biografico dei Friulani ID,15,
wdt:P7745,Movie Walker Press person ID,15,
wdt:P8504,Science Fiction Awards Database author ID,15,
wdt:P8653,Museen Dresden article ID,15,
wdt:P9625,Dizionario Biografico dell'Educazione (1800–2000) ID,15,
wdt:P10168,Zürich Herbaria collector ID,15,
wdt:P11026,Scientists of Belarus ID,15,
wdt:P13311,Digital Scriptorium Catalog item ID,15,
wdt:P1266,AlloCiné person ID,14,
wdt:P1399,convicted of,14,
wdt:P1424,topic's main template,14,
wdt:P1883,Declarator.org ID,14,
wdt:P1979,Righteous Among The Nations ID,14,
wdt:P2277,Magdeburger Biographisches Lexikon ID,14,
wdt:P2372,ODIS ID,14,
wdt:P2962,title of chess person,14,
wdt:P3299,student register of the University of Helsinki ID (1640–1852),14,
wdt:P3315,ChessTempo.com player ID,14,
wdt:P5502,LRB contributor ID,14,
wdt:P5629,Brasseur ID,14,
wdt:P6735,Watercolour World artist ID,14,
wdt:P7848,Frick Art Research Library Artist File ID,14,
wdt:P8207,The Conversation author ID,14,
wdt:P8696,Directory of Belgian Photographers ID,14,
wdt:P8805,LIMIS person ID,14,
wdt:P8821,Memorial Book University of Vienna ID,14,
wdt:P9761,IRIS SNS author ID,14,
wdt:P10518,ICCROM authority ID,14,
wdt:P11194,Famous Birthdays ID,14,
wdt:P61,discoverer or inventor,13,
wdt:P157,killed by,13,
wdt:P497,CBDB ID,13,
wdt:P865,BMLO ID,13,
wdt:P1447,Sports-Reference.com Olympic athlete ID (archived),13,
wdt:P2048,height,13,
wdt:P2959,permanent duplicated item,13,
wdt:P3314,365Chess.com player ID,13,
wdt:P3935,Chamber of Deputies of Italy storia ID,13,
wdt:P4963,Svenskt kvinnobiografiskt lexikon ID,13,
wdt:P5142,Chinese Political Elites Database ID,13,
wdt:P6441,Douban author ID,13,
wdt:P7084,related category,13,
wdt:P7711,Joconde author ID,13,
wdt:P7928,BioLexSOE ID,13,
wdt:P7972,CVR person ID,13,
wdt:P8462,Political Graveyard politician ID,13,
wdt:P9299,OsobnostiRegionu.cz ID,13,
wdt:P9304,Encyclopedia of Melbourne ID,13,
wdt:P9913,FLORE author ID,13,
wdt:P10540,TASS Encyclopedia person ID,13,
wdt:P10843,DeSmog ID,13,
wdt:P12780,Korrespondenzen der Frühromantik person ID,13,
wdt:P51,audio,12,
wdt:P1441,present in work,12,
wdt:P1473,BLPL author ID,12,
wdt:P1576,lifestyle,12,
wdt:P2538,Nationalmuseum Sweden ID,12,
wdt:P2699,URL,12,
wdt:P3599,archival creator authority record at the Archives nationales,12,
wdt:P3997,Bait La Zemer Ha-Ivri artist ID,12,
wdt:P4663,DACS ID (former),12,
wdt:P4657,The Numbers person ID,12,
wdt:P4717,Académie française member ID,12,
wdt:P4772,compArt person ID,12,
wdt:P4813,PARES ID,12,
wdt:P5143,amateur radio callsign,12,
wdt:P5337,Google News topics ID,12,
wdt:P5365,Internet Book Database of Fiction writer ID,12,
wdt:P5390,Classiques des sciences sociales ID,12,
wdt:P6404,Treccani's Dizionario di Storia ID,12,
wdt:P6412,Gran Enciclopèdia de la Música ID,12,
wdt:P6705,Academia Sinica authority ID,12,
wdt:P6873,IntraText author ID,12,
wdt:P7140,München Wiki article ID,12,
wdt:P7554,Encyclopedia of Mathematics article ID,12,
wdt:P8095,Encyklopedia Solidarności ID,12,
wdt:P8603,Istrapedia ID,12,
wdt:P8759,Polski Słownik Judaistyczny ID,12,
wdt:P8982,Pontificio Istituto di Archeologia Cristiana ID,12,
wdt:P9033,Archivo Histórico de diputados de España ID,12,
wdt:P9331,Storiaememoriadibologna.it ID,12,
wdt:P9613,ctext data entity ID,12,
wdt:P9765,Great Ukrainian Encyclopedia Online ID,12,
wdt:P9843,IRIS UNINA author ID,12,
wdt:P9885,Bing entity ID,12,
wdt:P10133,Russian Academy of Sciences person ID,12,
wdt:P10870,Accademia dei Georgofili author ID,12,
wdt:P11120,Rai Teche person ID,12,
wdt:P11173,UWIND ID,12,
wdt:P11386,Listal ID,12,
wdt:P11769,Bohemian Lands MP ID,12,
wdt:P12615,Hanslick Online person ID,12,
wdt:P990,audio recording of the subject's spoken voice,11,
wdt:P1186,MEP directory ID,11,
wdt:P1220,Internet Broadway Database person ID,11,
wdt:P1749,Parlement.com ID,11,
wdt:P1988,Le Delarge artist ID,11,
wdt:P2093,author name string,11,
wdt:P3595,Biografiskt Lexikon för Finland ID,11,
wdt:P4457,DAHR artist ID,11,
wdt:P5369,Encyclopædia Universalis author ID,11,
wdt:P6582,Dutch Instrument Makers ID,11,
wdt:P7758,SPIE profile ID,11,
wdt:P7800,bauhaus.community ID,11,
wdt:P7918,Médias 19 ID,11,
wdt:P9054,National Historic People ID,11,
wdt:P9212,Dizionario biografico online degli anarchici italiani ID,11,
wdt:P9707,GCD creator ID,11,
wdt:P9791,ASEE person ID,11,
wdt:P10056,IRIS UNISA author ID,11,
wdt:P10489,LDT @ Library Name Authority ID,11,
wdt:P10706,DACS ID (2022),11,
wdt:P10713,Biografiskt Lexikon för Finland ID (urn.fi),11,
wdt:P11465,Military Historical Archive exile army member ID,11,
wdt:P12538,Galician Authors in the BUSC ID,11,
wdt:P12946,FOLDOC ID,11,
wdt:P13306,Oorlogsbronnen ID,11,
wdt:P91,sexual orientation,10,
wdt:P1581,official blog URL,10,
wdt:P2168,Swedish Film Database person ID,10,
wdt:P2741,Tate artist ID,10,
wdt:P4248,The Black Book ID,10,
wdt:P5378,Akadem person ID (former scheme),10,
wdt:P5408,Fantastic Fiction author ID,10,
wdt:P5597,Artcyclopedia artist ID,10,
wdt:P6015,Handbook of Texas ID,10,
wdt:P6213,UK Parliament ID,10,
wdt:P7039,National Library of Iceland ID,10,
wdt:P7466,Edvard Munch's correspondence person ID,10,
wdt:P8569,YIVO Encyclopedia of Jews in Eastern Europe ID,10,
wdt:P8580,NHK Archives Portal person ID,10,
wdt:P8578,TracesOfWar person ID,10,
wdt:P8636,McClintock and Strong Biblical Cyclopedia ID,10,
wdt:P8944,Archivio dei possessori ID,10,
wdt:P9337,Keratsini-Drapetsona libraries' catalogue authority ID,10,
wdt:P9415,ÖCV Biolex ID,10,
wdt:P9522,Biblioteca di Santa Sabina ID,10,
wdt:P9536,SAIA authority ID,10,
wdt:P9880,Festivaletteratura person ID,10,
wdt:P11936,Biblioteca centrale Cappuccini authority ID,10,
wdt:P11986,Research.com ID,10,
wdt:P12214,Akadem person ID,10,
wdt:P13068,Enciclopedia bresciana ID,10,
wdt:P1047,Catholic Hierarchy person ID,9,
wdt:P1636,date of baptism,9,
wdt:P1795,Smithsonian American Art Museum person/institution ID,9,
wdt:P2006,ZooBank author ID,9,
wdt:P2416,sports discipline competed in,9,
wdt:P3747,SSRN author ID,9,
wdt:P4891,Patrons de France ID,9,
wdt:P5259,Swedish Gravestone ID,9,
wdt:P5468,Historia de la Medicina person ID,9,
wdt:P6219,TASS reference,9,
wdt:P6575,Académie de Rouen member ID,9,
wdt:P7212,LyricsTranslate ID,9,
wdt:P7491,Austrian Parliament 1848–1918 ID,9,
wdt:P8223,K-Scholar ID,9,
wdt:P9129,Data Collection of the Hungarian Peerage ID,9,
wdt:P9534,Biblioteche della Custodia di Terra Santa a Gerusalemme ID,9,
wdt:P9607,hush.am person ID,9,
wdt:P9738,IFPNI author ID,9,
wdt:P10428,parliament.uk member ID,9,
wdt:P11597,Padua Research Archive author ID,9,
wdt:P12153,FilmAffinity person ID,9,
wdt:P12176,Propylaeum-VITAE ID,9,
wdt:P413,position played on team / speciality,8,
wdt:P1347,military casualty classification,8,
wdt:P1564,At the Circulating Library ID,8,
wdt:P1728,AllMusic artist ID,8,
wdt:P1807,Great Aragonese Encyclopedia ID,8,
wdt:P2914,MSBI person ID,8,
wdt:P2944,Plarr ID,8,
wdt:P3235,PhilPapers topic,8,
wdt:P3232,PhilPapers author ID,8,
wdt:P3901,ADAGP artist ID,8,
wdt:P4100,parliamentary group,8,
wdt:P4254,Banglapedia ID (Bengali),8,
wdt:P4255,Banglapedia ID (English),8,
wdt:P4399,Itaú Cultural ID,8,
wdt:P4585,Accademia della Crusca ID,8,
wdt:P4620,Merkelstiftung person ID,8,
wdt:P5546,College de France professor ID (1909-1939),8,
wdt:P6150,Academy Awards Database nominee ID,8,
wdt:P6329,Share-VDE 1.0 author ID,8,
wdt:P6583,Lucerna person ID,8,
wdt:P6677,OpenEdition Books author ID,8,
wdt:P6978,Scandinavian middle family name,8,
wdt:P7148,Nauka Ukrainy scientist ID,8,
wdt:P7474,Online Cenotaph ID,8,
wdt:P7613,Biblioteche dei filosofi ID,8,
wdt:P7775,RationalWiki ID,8,
wdt:P7939,Dansk kvindebiografisk leksikon ID,8,
wdt:P8125,Fandango person ID,8,
wdt:P8287,Worlds Without End author ID,8,
wdt:P8482,Český hudební slovník osob a institucí ID,8,
wdt:P8643,Dostoyevsky and His Entourage ID,8,
wdt:P9152,CollectieGelderland creator ID,8,
wdt:P9248,EEVA author ID,8,
wdt:P9863,Gujarati Vishwakosh entry,8,
wdt:P9890,Online Begraafplaatsen person ID,8,
wdt:P9981,L'Unificazione ID,8,
wdt:P11003,Scinapse author ID,8,
wdt:P11408,Pixiv Encyclopedia ID,8,
wdt:P12046,ADVN ID,8,
wdt:P12394,Jinji Koshinroku ID (1st edition),8,
wdt:P112,founded by,7,
wdt:P138,named after,7,
wdt:P1614,History of Parliament ID,7,
wdt:P1650,BBF ID,7,
wdt:P1651,YouTube video ID,7,
wdt:P1942,McCune–Reischauer romanization,7,
wdt:P2001,Revised Romanization,7,
wdt:P2080,AcademiaNet ID,7,
wdt:P2179,ACM Classification Code (2012),7,
wdt:P2435,PORT person ID,7,
wdt:P2626,Danish National Filmography person ID,7,
wdt:P2888,exact match,7,
wdt:P3603,Minneapolis Institute of Art constituent ID,7,
wdt:P3835,Mendeley person ID,7,
wdt:P4272,DPLA subject term,7,
wdt:P4369,Cairn author ID,7,
wdt:P4621,Württembergische Kirchengeschichte person ID,7,
wdt:P4787,NII author ID,7,
wdt:P5088,Internet Encyclopedia of Philosophy ID,7,
wdt:P5459,RHE doctor ID,7,
wdt:P6284,NCpedia ID,7,
wdt:P6295,ARTIC artist ID,7,
wdt:P6517,WhoSampled artist ID,7,
wdt:P6553,personal pronoun,7,
wdt:P6925,Musicalics composer ID,7,
wdt:P6817,SVT Play ID,7,
wdt:P7314,TDV Encyclopedia of Islam ID,7,
wdt:P7571,Memorial Book Bundesarchiv ID,7,
wdt:P7769,Australian National Maritime Museum person ID,7,
wdt:P8385,IDU person ID,7,
wdt:P8445,Our Campaigns candidate ID,7,
wdt:P8975,Manus Online author ID,7,
wdt:P9419,personal library at,7,
wdt:P9459,Rekhta author ID,7,
wdt:P9826,Great Encyclopedia of Cyril and Methodius entry ID,7,
wdt:P9965,Musik-Sammler.de artist ID,7,
wdt:P10058,IRIS UNIBO author ID,7,
wdt:P10104,PORTO@Iris author ID,7,
wdt:P10419,LastDodo-area-ID,7,
wdt:P10447,Pamyat Naroda ID,7,
wdt:P10638,Iris-AperTO author ID,7,
wdt:P10721,Identifiant Les Recteurs d'Académie en France,7,
wdt:P11730,Warsaw Uprising insurgent ID,7,
wdt:P12192,SWERIK ID,7,
wdt:P13280,University of Pécs Almanac ID,7,
wdt:P746,date of disappearance,6,
wdt:P767,contributor to the creative work or subject,6,
wdt:P1027,conferred by,6,
wdt:P1138,Kunstindeks Danmark Artist ID,6,
wdt:P1440,FIDE player ID,6,
wdt:P1552,has characteristic,6,
wdt:P1788,DVN ID,6,
wdt:P1803,Masaryk University person ID,6,
wdt:P1902,Spotify artist ID,6,
wdt:P1908,CWGC person ID,6,
wdt:P1980,PolSys ID,6,
wdt:P2003,Instagram username,6,
wdt:P2019,AllMovie person ID,6,
wdt:P2067,mass,6,
wdt:P2267,PolitiFact people and groups ID,6,
wdt:P2638,TV.com ID,6,
wdt:P3258,LiveJournal ID,6,
wdt:P3708,PhDTree person ID,6,
wdt:P4169,YCBA agent ID,6,
wdt:P4186,Australian Women's Register ID,6,
wdt:P4411,Quora username,6,
wdt:P5213,Armenian Parliamentary ID,6,
wdt:P5284,Douban movie celebrity ID,6,
wdt:P5418,Pasteur Institute person ID,6,
wdt:P5478,RPO poet ID,6,
wdt:P5491,BD Gest' author ID,6,
wdt:P6228,OesterreichWiki ID,6,
wdt:P6342,Dictionnaire des Wallons ID,6,
wdt:P6414,DIZIE ID,6,
wdt:P6573,Klexikon article ID,6,
wdt:P6645,Stedelijk Museum Amsterdam ID,6,
wdt:P7153,significant place,6,
wdt:P7509,Estonian biographical database ID,6,
wdt:P7682,National Library of New Zealand ID,6,
wdt:P7831,NMVW ID,6,
wdt:P8122,DLL Catalog author ID,6,
wdt:P8235,LiederNet composer ID,6,
wdt:P8334,MuseScore artist ID,6,
wdt:P8544,Frauen in Bewegung 1848–1938 ID,6,
wdt:P8749,Dictionary of Portuguese Historians ID,6,
wdt:P8783,AAGM person or institution ID,6,
wdt:P9141,Portal da Literatura ID,6,
wdt:P9199,Protagonisti della storia delle scienze della mente ID,6,
wdt:P9475,Encyclopedia of Korean Culture ID,6,
wdt:P9634,AADFI member ID,6,
wdt:P9855,Edizioni Ares author ID,6,
wdt:P9943,Hill Museum & Manuscript Library ID,6,
wdt:P10086,Australian Prints + Printmaking artist ID,6,
wdt:P11563,Real Academia de Doctores de España ID,6,
wdt:P11683,Ivi person ID,6,
wdt:P11826,Media Library for Dance and Theatre person ID,6,
wdt:P12354,Great American Business Leaders of the 20th Century ID,6,
wdt:P12502,UCA authority ID,6,
wdt:P13138,Great Norwegian Encyclopedia contributor ID,6,
wdt:P264,record label,5,
wdt:P598,commander of (DEPRECATED),5,
wdt:P1157,US Congress Bio ID,5,
wdt:P1187,Dharma Drum Institute of Liberal Arts person ID,5,
wdt:P1255,HelveticArchives ID,5,
wdt:P1448,official name,5,
wdt:P1596,penalty,5,
wdt:P1884,hair color,5,
wdt:P2011,Cooper Hewitt person ID,5,
wdt:P2018,Teuchos ID,5,
wdt:P2181,Finnish MP ID,5,
wdt:P2373,Genius artist ID,5,
wdt:P2387,Elonet person ID,5,
wdt:P2549,Italian Senate of the Republic ID,5,
wdt:P2886,Shakeosphere person ID,5,
wdt:P3192,Last.fm ID,5,
wdt:P3221,New York Times topic ID,5,
wdt:P3316,ICCF player ID,5,
wdt:P3410,Clergy of the Church of England database ID,5,
wdt:P3945,RANM member ID,5,
wdt:P4440,Biblioteca Nacional de México ID,5,
wdt:P4450,HAL author ID,5,
wdt:P4551,Everyone Remembered ID,5,
wdt:P4598,FAPESP researcher ID,5,
wdt:P4890,EPHE ID,5,
wdt:P4944,Premiers préfets ID,5,
wdt:P5033,Filmweb.pl person ID,5,
wdt:P5247,Giant Bomb ID,5,
wdt:P5714,Tor.com author ID,5,
wdt:P6010,Encyclopedia of Alabama ID,5,
wdt:P6173,Bitraga author ID,5,
wdt:P6325,Critique d'art ID,5,
wdt:P6351,Genius artist numeric ID,5,
wdt:P6564,Brilliant Wiki ID,5,
wdt:P6745,Orlando author ID,5,
wdt:P6764,V&A person ID,5,
wdt:P7031,Penguin India author ID,5,
wdt:P7128,Archives Directory for the History of Collecting in America ID,5,
wdt:P7472,National Marine Biological Library ID,5,
wdt:P7480,Brazilian federal deputy ID,5,
wdt:P7507,Ben Yehuda author ID,5,
wdt:P7520,Filmový přehled person ID,5,
wdt:P7624,YVNG ID,5,
wdt:P7644,Encyclopedia of Cleveland History ID,5,
wdt:P7709,ScienceOpen author ID,5,
wdt:P8408,KBpedia ID,5,
wdt:P8432,Österreichisches Musiklexikon Online ID,5,
wdt:P8819,Pitchfork artist ID,5,
wdt:P8852,facial hair,5,
wdt:P8935,Encyclopedia of the History of Ukraine ID,5,
wdt:P8999,Lexikon zum Literatur- und Kulturbetrieb im Österreich der Zwischenkriegszeit ID,5,
wdt:P9165,Lexikon Literatur in Tirol ID,5,
wdt:P9244,Women Australia ID,5,
wdt:P9426,Generals of World War II ID,5,
wdt:P9520,Auschwitz Prisoners Database ID,5,
wdt:P9642,Olschki author ID,5,
wdt:P9678,Franciscan Center of Christian Oriental Studies ID,5,
wdt:P9980,NLI Archive (bibliographic) ID,5,
wdt:P10011,SISSA Digital Library author ID,5,
wdt:P10009,IRIS GSSI author ID,5,
wdt:P10031,Enciclopedia di Roma person ID,5,
wdt:P10057,IRIS UNIMI author ID,5,
wdt:P10762,IRIS UNIMORE author ID,5,
wdt:P11137,Reddit,5,
wdt:P11500,United States House of Representatives ID,5,
wdt:P11673,IRIS UNIROMA2 author ID,5,
wdt:P12141,Fondazione Fiera ID,5,
wdt:P13200,Resistance in Belgium ID,5,
wdt:P170,creator,4,
wdt:P186,made from material,4,
wdt:P412,voice type,4,
wdt:P488,chairperson,4,
wdt:P531,diplomatic mission sent,4,
wdt:P528,catalog code,4,
wdt:P553,website account on,4,
wdt:P710,participant,4,
wdt:P811,academic minor,4,
wdt:P1290,godparent,4,
wdt:P1385,Enciclopédia Açoriana ID,4,
wdt:P1808,senat.fr ID,4,
wdt:P1828,IPI name number,4,
wdt:P1839,US Federal Election Commission ID,4,
wdt:P2182,Finnish Ministers database ID (archived),4,
wdt:P2332,Dictionary of Art Historians ID,4,
wdt:P2469,Theatricalia person ID,4,
wdt:P2477,BDRC Resource ID,4,
wdt:P3185,VK username,4,
wdt:P3269,Fotografen.nl ID,4,
wdt:P3495,FilmPolski.pl ID,4,
wdt:P3980,Unifrance person ID,4,
wdt:P4025,Pinakothek artist ID,4,
wdt:P4115,INSPIRE ID,4,
wdt:P4145,Athenaeum person ID,4,
wdt:P4174,Wikimedia username,4,
wdt:P4332,Deutsche Synchronkartei actor ID,4,
wdt:P4589,Dreadnought Project page,4,
wdt:P4601,Lives of WWI ID,4,
wdt:P4802,BVPB authority ID,4,
wdt:P5058,Encyklopedia Teatru Polskiego person ID,4,
wdt:P5096,member of the crew of,4,
wdt:P5324,Swedish National Archive reference code,4,
wdt:P5341,Poetry Foundation ID,4,
wdt:P5374,Académie des sciences d'outre-mer member ID,4,
wdt:P5641,PRELIB person ID,4,
wdt:P5908,Geheugen van de VU person ID,4,
wdt:P6016,Tennessee Encyclopedia ID,4,
wdt:P6059,Biographie vosgienne ID,4,
wdt:P6223,L'Encyclopédie philosophique ID,4,
wdt:P6298,bgm.tv person ID,4,
wdt:P6363,WordLift URL,4,
wdt:P6792,Find NZ Artists ID,4,
wdt:P6907,BVLarramendi ID,4,
wdt:P7037,COURAGE ID,4,
wdt:P7042,The Latin Library author ID,4,
wdt:P7286,Writers Guild of America writer ID,4,
wdt:P7332,NMM artist ID,4,
wdt:P7604,supervised by,4,
wdt:P7646,IISG ID,4,
wdt:P7886,Media Arts Database ID,4,
wdt:P7893,CIÊNCIAVITAE ID,4,
wdt:P7935,Corpus Corporum author ID,4,
wdt:P8269,Norwegian prisoner register person ID,4,
wdt:P8290,Archivio Storico Ricordi person ID,4,
wdt:P8500,Vietnamese middle name,4,
wdt:P8678,Slovník českých nakladatelství 1848-1949 person ID,4,
wdt:P8879,Kinorium person ID,4,
wdt:P8995,Lumières.Lausanne ID,4,
wdt:P8993,JAD ID,4,
wdt:P9087,Econlib person ID,4,
wdt:P9231,Archivo Linz de la Transición Española ID,4,
wdt:P9458,Russians of Latvia ID,4,
wdt:P9670,ZKM person ID,4,
wdt:P9695,Legie 100 legionary ID,4,
wdt:P9710,Lexikon Westfälischer Autorinnen und Autoren person ID,4,
wdt:P9780,The Women's Print History Project person ID,4,
wdt:P9778,Looted Cultural Assets Database ID,4,
wdt:P9842,MART catalog person ID,4,
wdt:P9944,Database of Czech Amateur Theater person ID,4,
wdt:P10076,CREPČ person ID,4,
wdt:P10092,Bildatlas-Künstler-ID,4,
wdt:P10234,Der Spiegel topic ID,4,
wdt:P10351,Turin University student ID,4,
wdt:P10359,IRIS UNIGE author ID,4,
wdt:P10466,CNKI author ID,4,
wdt:P10910,Korean Academy of Science and Technology member ID,4,
wdt:P10916,Süddeutsche Zeitung topic ID,4,
wdt:P11065,Chess.com player ID,4,
wdt:P11192,Piraeus Bank Group Cultural Foundation Library (A) ID,4,
wdt:P11506,IRIS UNITN author ID,4,
wdt:P11646,Deutsche Synchronkartei person ID,4,
wdt:P11831,Alabama Authors ID,4,
wdt:P11886,CNR ExploRA author ID,4,
wdt:P12003,ANPI person ID,4,
wdt:P12414,ru.hayazg.info ID,4,
wdt:P12596,museum-digital tag ID,4,
wdt:P12910,Finnish Ministers database ID (new),4,
wdt:P13239,Database of Canada's Early Women Writers ID,4,
wdt:P17,country,3,
wdt:P527,has part(s),3,
wdt:P675,Google Books ID,3,
wdt:P708,diocese,3,
wdt:P859,sponsor,3,
wdt:P888,JSTOR article ID,3,
wdt:P948,page banner,3,
wdt:P1003,National Library of Romania ID,3,
wdt:P1229,Openpolis ID,3,
wdt:P1246,patent number,3,
wdt:P1291,Association Authors of Switzerland ID (former scheme),3,
wdt:P1340,eye color,3,
wdt:P1553,Yandex Music artist ID,3,
wdt:P1565,Enciclopedia de la Literatura en México ID,3,
wdt:P1635,religious name,3,
wdt:P1707,Design & Art Australia Online ID,3,
wdt:P1810,subject named as,3,
wdt:P2037,GitHub username,3,
wdt:P2041,National Gallery of Victoria artist ID,3,
wdt:P2278,Member of the Hellenic Parliament ID,3,
wdt:P2280,Austrian Parliament ID,3,
wdt:P2428,RePEc Short-ID,3,
wdt:P2579,studied in,3,
wdt:P2698,CricketArchive player ID,3,
wdt:P2697,ESPNcricinfo.com player ID,3,
wdt:P2850,Apple Music artist ID (U.S. version),3,
wdt:P2985,DBSE ID,3,
wdt:P3191,IMIS person ID,3,
wdt:P3389,Royal Swedish Academy of Letters member ID,3,
wdt:P3392,Surman ID,3,
wdt:P3478,Songkick artist ID,3,
wdt:P3791,Art Renewal Center artist ID,3,
wdt:P3836,Pinterest username,3,
wdt:P3888,Boijmans artist ID,3,
wdt:P4033,Mastodon address,3,
wdt:P4114,ADK member ID,3,
wdt:P4265,Reddit username,3,
wdt:P4434,LesBiographies.com ID,3,
wdt:P4930,Julien ID,3,
wdt:P4966,Hungarian National Assembly ID,3,
wdt:P5002,Orthodox Encyclopedia ID,3,
wdt:P5271,Saint Louis Art Museum person ID,3,
wdt:P5362,Académie des sciences morales et politiques member ID,3,
wdt:P5404,Rate Your Music artist ID,3,
wdt:P5553,IDIH ID,3,
wdt:P5631,Canal Académies ID,3,
wdt:P5643,RSL author ID,3,
wdt:P5691,BND ID,3,
wdt:P6002,WikiArt ID,3,
wdt:P6181,Disney A to Z ID,3,
wdt:P6240,MMLO ID,3,
wdt:P6605,Plant Illustrations artist ID,3,
wdt:P6674,Desaparecidos Políticos ID,3,
wdt:P6673,Memórias da Ditadura ID,3,
wdt:P6690,CNV-SP ID,3,
wdt:P6758,supported sports team,3,
wdt:P6812,AntWiki article ID,3,
wdt:P6851,Biographical Dictionary of Iowa ID,3,
wdt:P7023,Biyografya ID,3,
wdt:P7032,Repertorium van ambtsdragers en ambtenaren ID,3,
wdt:P7356,DC Books author ID,3,
wdt:P7388,Great Encyclopedia of Navarre ID,3,
wdt:P7504,Jeugdliteratuur ID,3,
wdt:P7676,Vie publique person ID,3,
wdt:P7695,e-WV: The West Virginia Encyclopedia ID,3,
wdt:P7944,DoME artist ID,3,
wdt:P8135,Encyclopedia of České Budějovice ID,3,
wdt:P8195,ex-libris,3,
wdt:P8301,Montreux Jazz Festival person ID,3,
wdt:P8758,Persée article ID,3,
wdt:P9017,Medieval Manuscripts in Oxford Libraries person ID,3,
wdt:P9046,A*dS Encyclopedia ID,3,
wdt:P9117,BVFE author ID,3,
wdt:P9287,Cyprus Bibliography ID,3,
wdt:P9482,Catalogue of the General State Archives ID,3,
wdt:P9523,Senate of Romania person ID,3,
wdt:P9660,not found in,3,
wdt:P9715,Room of Names ID,3,
wdt:P9770,Knesset member ID,3,
wdt:P9844,IRIS UNIPV author ID,3,
wdt:P10072,State Duma person ID,3,
wdt:P10103,Re.Public@Polimi author ID,3,
wdt:P10207,Folketinget actor ID,3,
wdt:P10372,Offizielle Deutsche Charts person ID,3,
wdt:P10404,LMHL author ID,3,
wdt:P10417,Culture.ru person ID,3,
wdt:P11193,Piraeus Bank Group Cultural Foundation Library (B) ID,3,
wdt:P11211,Hlídač státu person ID,3,
wdt:P11306,IRIS UNISALENTO author ID,3,
wdt:P11510,ARCA author ID,3,
wdt:P11674,IRIS UNIROMA3 author ID,3,
wdt:P11739,Moly.hu author ID,3,
wdt:P11999,Slovník české literatury po roce 1945 ID,3,
wdt:P13067,Diccionario biográfico de Castilla-La Mancha ID,3,
wdt:P13324,Albin Michel author ID,3,
wdt:P118,league or competition,2,
wdt:P176,manufacturer,2,
wdt:P282,writing system,2,
wdt:P358,discography,2,
wdt:P217,inventory number,2,
wdt:P243,OCLC control number,2,
wdt:P547,commemorates,2,
wdt:P552,handedness,2,
wdt:P781,SIKART person ID,2,
wdt:P858,ESPNscrum player ID,2,
wdt:P1037,director / manager,2,
wdt:P1214,Riksdagen person-ID,2,
wdt:P1276,Dictionnaire du Jura ID,2,
wdt:P1289,Kritisches Lexikon zur fremdsprachigen Gegenwartsliteratur ID,2,
wdt:P1307,Swiss parliament ID,2,
wdt:P1451,motto text,2,
wdt:P1482,Stack Exchange tag,2,
wdt:P1601,Esperantist ID,2,
wdt:P1713,biography at the Bundestag of Germany URL,2,
wdt:P1766,place name sign,2,
wdt:P1826,Baseball Reference minor & foreign league player ID,2,
wdt:P1825,Baseball Reference major league player ID,2,
wdt:P1847,Nasjonalbiblioteket photographer ID,2,
wdt:P1959,Dutch Senate person ID,2,
wdt:P2071,Mémoire des hommes ID,2,
wdt:P2194,PSS-archi architect ID,2,
wdt:P2340,CESAR person ID,2,
wdt:P2389,organization directed by the office or position,2,
wdt:P2578,is the study of,2,
wdt:P2909,SecondHandSongs artist ID,2,
wdt:P3017,Rolling Stone artist ID,2,
wdt:P3052,Bloomberg person ID,2,
wdt:P3049,Scottish Football Association player ID,2,
wdt:P3056,TCM Movie Database person ID,2,
wdt:P3172,World Bridge Federation person ID,2,
wdt:P3205,patient of,2,
wdt:P3267,Flickr user ID,2,
wdt:P3307,Galiciana authority ID,2,
wdt:P3344,Vote Smart candidate ID,2,
wdt:P3448,stepparent,2,
wdt:P3537,FootballDatabase.eu person ID,2,
wdt:P3558,USCF player ID,2,
wdt:P3694,SpeedSkatingNews.info speed skater ID,2,
wdt:P3726,EU-Football.info player ID,2,
wdt:P3867,Israel Chess Federation player ID,2,
wdt:P3913,MobyGames person ID,2,
wdt:P3925,Track and Field Statistics male athlete ID,2,
wdt:P3943,Tumblr username,2,
wdt:P3940,OlimpBase Chess Olympiad player ID,2,
wdt:P4008,Early Aviators people ID,2,
wdt:P4042,ESBL athlete ID,2,
wdt:P4062,Czech Olympic Committee athlete ID,2,
wdt:P4116,JewAge person ID,2,
wdt:P4138,Treasury of Lives ID,2,
wdt:P4158,autores.ar ID,2,
wdt:P4193,Familypedia person ID,2,
wdt:P4208,Billboard artist ID,2,
wdt:P4232,Figshare author ID,2,
wdt:P4351,Cravo Albin artist ID,2,
wdt:P4361,ExecutedToday ID,2,
wdt:P4514,Africultures person ID,2,
wdt:P4534,EUTA person ID,2,
wdt:P4557,Indiana Basketball Hall of Fame ID,2,
wdt:P4731,The Baseball Cube player ID,2,
wdt:P4757,Songwriters Hall of Fame ID,2,
wdt:P4887,Web umenia creator ID,2,
wdt:P4906,Bargeton ID,2,
wdt:P4929,AINM ID,2,
wdt:P5007,Behind The Voice Actors person ID,2,
wdt:P5035,Lambiek Comiclopedia artist ID,2,
wdt:P5068,Flanders Arts Institute person ID,2,
wdt:P5081,Norsk kunstnerleksikon ID,2,
wdt:P5226,BRAHMS artist ID,2,
wdt:P5291,Taratata artist ID,2,
wdt:P5303,DLCM ID,2,
wdt:P5355,abgeordnetenwatch.de politician ID,2,
wdt:P5394,Poets & Writers author ID,2,
wdt:P5406,Rendez-vous de l'histoire ID,2,
wdt:P5450,Biographisches Archiv der Psychiatrie ID,2,
wdt:P5469,Latter-day Saint Literature database artist ID,2,
wdt:P5498,Base de datos de premiados person ID,2,
wdt:P5496,Médicos históricos doctor ID,2,
wdt:P5534,Open Media Database person ID,2,
wdt:P5605,DOLF ID,2,
wdt:P5705,Los Angeles Review of Books author ID,2,
wdt:P5773,Television Academy Foundation interviewee ID,2,
wdt:P5871,Norwegian war refugees register ID,2,
wdt:P5951,ComiXology creator ID,2,
wdt:P5985,Literaturaren Zubitegia ID,2,
wdt:P6005,Muck Rack journalist ID,2,
wdt:P6119,Letterboxd actor ID,2,
wdt:P6126,Santiebeati ID,2,
wdt:P6300,Hymnary author ID,2,
wdt:P6304,University of Helsinki Research Portal profile ID,2,
wdt:P6403,TheatreOnline ID,2,
wdt:P6465,Democracy Club candidate ID,2,
wdt:P6500,non-free artwork image URL,2,
wdt:P6501,Georgian National Filmography person ID,2,
wdt:P6621,Le Figaro tag ID,2,
wdt:P6624,FSkate.ru skater ID (archived),2,
wdt:P6692,CEMDP ID,2,
wdt:P6752,RGALI ID,2,
wdt:P6784,Harper's author ID,2,
wdt:P6926,Nederlandse Top 40 artist ID,2,
wdt:P6973,Personnel de l'administration préfectorale ID,2,
wdt:P6976,Retrosheet person ID,2,
wdt:P6984,Rupa Publications author ID,2,
wdt:P7003,ACMI ID,2,
wdt:P6811,Prazdne Domy architect ID,2,
wdt:P6839,TV Tropes ID,2,
wdt:P7081,quotation or excerpt,2,
wdt:P7109,Acharts.co artist ID,2,
wdt:P7194,AZLyrics.com artist ID,2,
wdt:P7207,Moly.hu book ID,2,
wdt:P7215,Eiga.com person ID,2,
wdt:P7278,Peakbagger climber ID,2,
wdt:P7389,Three Decks people ID,2,
wdt:P7558,Inguma author ID,2,
wdt:P7553,Sinemalar person ID,2,
wdt:P7619,The Cardinals of the Holy Roman Church ID,2,
wdt:P7685,CALS Encyclopedia of Arkansas ID,2,
wdt:P7779,military unit,2,
wdt:P7846,Beta maṣāḥǝft ID,2,
wdt:P7874,EFIS person ID,2,
wdt:P7951,DC Comics talent ID,2,
wdt:P7962,Dictionnaire des femmes de l’ancienne France ID,2,
wdt:P8002,Social Security Death Index entry,2,
wdt:P8159,SciProfiles ID,2,
wdt:P8197,PragerU presenter ID,2,
wdt:P8215,CDAPNC author ID,2,
wdt:P8248,Colon Classification,2,
wdt:P8366,GCatholic person ID,2,
wdt:P8388,Swedish Parliament person GUID,2,
wdt:P8440,Personendatenbank Germania Sacra ID,2,
wdt:P8534,SPLC individual ID,2,
wdt:P8572,Spanish Artists from the Fourth to the Twentieth Century ID,2,
wdt:P8730,National Park Service people ID,2,
wdt:P8796,Film w prasie polskiej press collection ID,2,
wdt:P8816,Dzen ID,2,
wdt:P8853,Musica Brasilis composer ID,2,
wdt:P8870,Hyperion Records person ID,2,
wdt:P8896,Concise Literary Encyclopedia ID,2,
wdt:P8971,Cinémathèque québécoise person ID,2,
wdt:P8974,SAPA ID,2,
wdt:P9070,Internet Encyclopedia of Ukraine ID,2,
wdt:P9109,Holocaust.cz person ID,2,
wdt:P9137,Doktori.hu ID,2,
wdt:P9155,Joods Monument ID,2,
wdt:P9267,ANPI person numeric ID,2,
wdt:P9265,Physics Magazine author ID,2,
wdt:P9346,France 24 topic ID (French),2,
wdt:P9355,Slovník českých filosofů ID,2,
wdt:P9438,Europalexikon ID,2,
wdt:P9434,Proveana ID,2,
wdt:P9455,Biographia Benedictina ID,2,
wdt:P9510,Forbes Russia profile ID,2,
wdt:P9526,Scholarpedia article ID,2,
wdt:P9686,Classical Archives composer ID,2,
wdt:P9775,Treccani's Lessico del XXI Secolo ID,2,
wdt:P9853,Australian Medical Pioneers Index ID,2,
wdt:P9952,Gente di Tuscia ID,2,
wdt:P10023,Museu da Pessoa person ID,2,
wdt:P10032,Museu da Pessoa History file,2,
wdt:P10059,Philosophica ID,2,
wdt:P10105,IRIS UNIVPM author ID,2,
wdt:P10149,Original Esperanto Literature author ID,2,
wdt:P10258,UNICA IRIS author ID,2,
wdt:P10259,IRIS UNISS author ID,2,
wdt:P10277,METRICA author ID,2,
wdt:P10272,Archive ouverte UNIGE ID,2,
wdt:P10298,Sceneweb artist ID,2,
wdt:P10399,St. Sergius Institute authority ID,2,
wdt:P10400,CBDB.cz author ID,2,
wdt:P10436,Drammen city encyclopedia ID,2,
wdt:P10452,Renacyt ID,2,
wdt:P10505,ArTS author ID,2,
wdt:P10527,documentation files at,2,
wdt:P10618,Salzburger Literatur Netz ID,2,
wdt:P10763,IRIS UNIPR author ID,2,
wdt:P11036,Instagram post ID,2,
wdt:P11061,IRIS UNICAL author ID,2,
wdt:P11233,SciSpace author ID,2,
wdt:P11651,Digital Daijisen ID,2,
wdt:P11670,Electrodoc person ID,2,
wdt:P11719,Bicocca Open Archive author ID,2,
wdt:P11720,IRInSubria author ID,2,
wdt:P11828,Marsilio Editori author ID,2,
wdt:P11890,German University Collections person ID,2,
wdt:P11928,Virksomme ord ID,2,
wdt:P12137,Linked Open Data Comune Firenze ID,2,
wdt:P12412,Lobbypedia ID,2,
wdt:P12430,The StoryGraph author ID,2,
wdt:P12579,istina.msu.ru person ID,2,
wdt:P12627,British Comedy Guide person ID,2,
wdt:P12674,Kunstenpunt Knowledge Graph ID,2,
wdt:P12804,MNAHA person ID,2,
wdt:P12865,Archelec person ID,2,
wdt:P12871,Google Play author ID,2,
wdt:P12893,autoritateak.eus ID,2,
wdt:P13078,Cihai encyclopedia entry ID,2,
wdt:P13132,ANID Researcher Portal ID,2,
wdt:P13204,Wellcome Collection concept ID,2,
wdt:P13266,A Dictionary of Geology and Earth Sciences entry ID,2,
wdt:P50,author,1,
wdt:P98,editor,1,
wdt:P121,item operated,1,
wdt:P263,official residence,1,
wdt:P276,location,1,
wdt:P207,bathymetry image,1,
wdt:P411,canonization status,1,
wdt:P460,said to be the same as,1,
wdt:P550,chivalric order,1,
wdt:P741,playing hand,1,
wdt:P841,feast day,1,
wdt:P963,streaming media URL,1,
wdt:P998,Curlie ID,1,
wdt:P1019,web feed URL,1,
wdt:P1065,archive URL,1,
wdt:P1253,BCU Ecrivainsvd ID,1,
wdt:P1258,Rotten Tomatoes ID,1,
wdt:P1268,represents,1,
wdt:P1288,Kritisches Lexikon der Gegenwartsliteratur ID,1,
wdt:P1329,phone number,1,
wdt:P1364,World Table Tennis player ID,1,
wdt:P1365,replaces,1,
wdt:P1362,Theaterlexikon der Schweiz ID,1,
wdt:P1429,has pet,1,
wdt:P1537,contributing factor of,1,
wdt:P1842,Global Anabaptist Mennonite Encyclopedia Online ID,1,
wdt:P1853,blood type,1,
wdt:P1875,represented by,1,
wdt:P2087,Crunchbase person ID,1,
wdt:P2091,World Rowing rower ID,1,
wdt:P2164,SIGIC author ID,1,
wdt:P2218,net worth,1,
wdt:P2323,Swedish Olympic Committee athlete ID,1,
wdt:P2350,SpeedSkatingBase.eu ID (archived),1,
wdt:P2348,time period,1,
wdt:P2354,has list,1,
wdt:P2498,Catalan Biographical Dictionary of Women ID,1,
wdt:P2522,competition won,1,
wdt:P2572,hashtag,1,
wdt:P2592,Québec cultural heritage directory people ID,1,
wdt:P2736,Biographical Directory of Federal Judges alpha ID,1,
wdt:P2789,connects with,1,
wdt:P2812,MathWorld ID,1,
wdt:P2847,Google+ ID (archived),1,
wdt:P2915,ECARTICO person ID,1,
wdt:P3054,Ontario MPP ID,1,
wdt:P3048,Racing-Reference driver ID,1,
wdt:P3136,elCinema person ID,1,
wdt:P3144,elFilm person ID,1,
wdt:P3171,Olympic.org athlete ID (archived),1,
wdt:P3265,Myspace ID,1,
wdt:P3284,Yahoo! JAPAN Talent Database ID,1,
wdt:P3363,Tennis Hall of Fame player ID,1,
wdt:P3361,PictoRight ID code,1,
wdt:P3408,World Aquatics athlete ID,1,
wdt:P3435,VGMdb artist ID,1,
wdt:P3477,Nihon Tarento Meikan ID,1,
wdt:P3556,CurlingZone player ID,1,
wdt:P3579,Weibo user ID,1,
wdt:P3618,base salary,1,
wdt:P3644,FFR player ID,1,
wdt:P3695,SpeedSkatingStats speed skater ID,1,
wdt:P3789,Telegram username,1,
wdt:P3786,Danskefilm person ID,1,
wdt:P3817,WarSampo person ID,1,
wdt:P3845,TV Guide person ID (former scheme),1,
wdt:P3857,Cinenacional.com person ID,1,
wdt:P3884,Tilastopaja male athlete ID,1,
wdt:P3900,CONICET person ID,1,
wdt:P3899,Medium username,1,
wdt:P3909,last words,1,
wdt:P4003,Facebook page ID,1,
wdt:P4034,Shironet artist ID,1,
wdt:P4032,reviewed by,1,
wdt:P4108,GEDBAS genealogy person ID,1,
wdt:P4109,URN-NBN,1,
wdt:P4112,danskfilmogtv person ID,1,
wdt:P4123,French National Assembly ID,1,
wdt:P4130,USHMM person ID,1,
wdt:P4156,Czech Registration ID (IČO),1,
wdt:P4177,Finnish National Gallery artist ID,1,
wdt:P4195,category for employees of the organization,1,
wdt:P4206,FOIH person ID,1,
wdt:P4263,THW Kiel player ID,1,
wdt:P4286,Nominis saint ID,1,
wdt:P4386,Virginia Sports Hall of Fame ID,1,
wdt:P4392,British Columbia Sports Hall of Fame ID,1,
wdt:P4438,BFI Films; TV and people ID,1,
wdt:P4515,Prisma ID,1,
wdt:P4580,Berlinische Galerie artist ID,1,
wdt:P4660,CPDOC ID,1,
wdt:P4749,Dictionnaire des auteurs luxembourgeois ID,1,
wdt:P4889,MuIS person or group ID,1,
wdt:P4931,Todotango.com person ID,1,
wdt:P4946,Library of Congress Demographic Group Terms ID,1,
wdt:P4970,alternative name,1,
wdt:P4997,National Governors Association biography URL,1,
wdt:P5125,Wikimedia outline,1,
wdt:P5147,Dictionary of Swedish Translators ID,1,
wdt:P5163,Odnoklassniki ID,1,
wdt:P5254,FilmTv.it person ID,1,
wdt:P5308,Dictionary of Scottish Architects ID,1,
wdt:P5325,Swedish Academy member ID,1,
wdt:P5321,Museo del Prado artist ID,1,
wdt:P5340,American Film Institute person ID,1,
wdt:P5373,École normale alumnus ID,1,
wdt:P5376,Medicina author ID,1,
wdt:P5430,Poetry International Web poet ID,1,
wdt:P5466,French Academy in Rome fellow ID,1,
wdt:P5488,artist-info curator ID,1,
wdt:P5513,Enciclopèdia de l'Esport Català ID,1,
wdt:P5527,Academia Brasileira de Letras ID,1,
wdt:P5532,Infocentre littéraire des écrivains ID,1,
wdt:P5528,Belgian Heritage in Brazil ID,1,
wdt:P5815,Olympics.com athlete ID,1,
wdt:P5819,International Mathematical Olympiad participant ID,1,
wdt:P5839,Académie de Marseille member ID,1,
wdt:P5844,Treccani Vocabulary ID,1,
wdt:P5887,Arkivportalen agent ID,1,
wdt:P5952,Annuaire de la magistrature ID,1,
wdt:P5981,Encyclopedia Virginia ID,1,
wdt:P6009,Techopedia ID,1,
wdt:P6210,LIGA profile,1,
wdt:P6216,copyright status,1,
wdt:P6251,catchphrase,1,
wdt:P6302,Dictionnaire de spiritualité ID,1,
wdt:P6682,Motorsports Hall of Fame of America ID,1,
wdt:P6721,K10plus PPN ID,1,
wdt:P6739,Smotrim.ru actor profile ID,1,
wdt:P6770,Swiss National Sound Archives ID,1,
wdt:P6791,The Atlantic author ID,1,
wdt:P6903,ArtBrokerage artist ID,1,
wdt:P6921,MangaSeek person ID,1,
wdt:P6796,OSZMI ID,1,
wdt:P6831,Pinakes author ID,1,
wdt:P6870,Latvian National Encyclopedia Online ID,1,
wdt:P7028,National Library of Luxembourg ID,1,
wdt:P7040,NosDéputés.fr identifiant,1,
wdt:P7119,AMPAS collections person ID,1,
wdt:P7130,Vidwan ID,1,
wdt:P7157,The Top Tens ID,1,
wdt:P7303,Grammy Awards artist ID,1,
wdt:P7298,Auckland Museum ID,1,
wdt:P7357,Diccionari de la Literatura Catalana ID,1,
wdt:P7430,Dictionary of Sculptors in Britain ID,1,
wdt:P7475,dp.ru person ID,1,
wdt:P7506,Naver Encyclopedia ID,1,
wdt:P7512,startrek.com Database ID,1,
wdt:P7533,AaRC person ID,1,
wdt:P7614,Dictionary of Wisconsin History ID,1,
wdt:P7691,The Oregon Encyclopedia ID,1,
wdt:P7698,Musée de la Résistance ID,1,
wdt:P7795,National September 11 Memorial ID,1,
wdt:P7803,Decine21 person ID,1,
wdt:P7817,Electronic library Ukrainica ID,1,
wdt:P7837,Nederlands Fotomuseum photographer ID,1,
wdt:P7931,Adelsvapen ID,1,
wdt:P7947,WeChangEd ID,1,
wdt:P8080,Ökumenisches Heiligenlexikon ID,1,
wdt:P8155,Republic of Korea Parliamentarian Society ID,1,
wdt:P8157,MémorialGenWeb monument ID,1,
wdt:P8222,rating.chgk.info ID,1,
wdt:P8373,Encyclopedia Tatarica (tt) Online ID,1,
wdt:P8381,Emmys person ID,1,
wdt:P8377,Encyclopedia Tatarica (ru) Online ID,1,
wdt:P8441,Cistercian Biography Online ID,1,
wdt:P8557,edukado.net Panteono ID,1,
wdt:P8613,Regesta Ecclesiastica Salisburgensia ID,1,
wdt:P8648,Ministry of the Interior of Italy ID,1,
wdt:P8666,Regional Council of Tuscany ID,1,
wdt:P8686,Biographical Dictionary of Fourierism ID,1,
wdt:P8705,Artist ID of the Department of Prints and Drawings of the Louvre,1,
wdt:P8777,NCAA Statistics coach ID,1,
wdt:P8802,MSRI person ID,1,
wdt:P8850,CONOR.KS ID,1,
wdt:P8877,Fellow of the Royal Society of Canada ID,1,
wdt:P8990,World Rowing rower UUID,1,
wdt:P8992,1914-1918-Online ID,1,
wdt:P9020,AV Production person ID,1,
wdt:P9029,Viceversa Letteratura author ID,1,
wdt:P9053,Projecto Vercial author ID,1,
wdt:P9048,Biographical Archive of Psychiatry ID,1,
wdt:P9245,Labour Australia ID,1,
wdt:P9256,Diccionari de la traducció catalana ID,1,
wdt:P9268,Science Magazine author ID,1,
wdt:P9276,Encyclopedia of Ostrava History person ID,1,
wdt:P9282,Catalogue of the Capitular Library of Verona author ID,1,
wdt:P9329,Svoya Igra television player ID,1,
wdt:P9404,OFDb person ID,1,
wdt:P9463,MovieMeter person ID,1,
wdt:P9466,Gyldendals Teaterleksikon ID,1,
wdt:P9502,Digital DISCI ID,1,
wdt:P9543,Memento Vienna person ID,1,
wdt:P9556,LTit person ID,1,
wdt:P9564,Biographical Dictionary of Chinese Christianity ID,1,
wdt:P9588,causesanti.va ID,1,
wdt:P9612,Repositório da Produção da USP person ID,1,
wdt:P9646,senato.archivioluce.it person ID,1,
wdt:P9692,LexM ID,1,
wdt:P9713,Swedish National Archive agent ID,1,
wdt:P9796,IRIS SSSUP author ID,1,
wdt:P9862,Encyclopaedia of Islam (second edition) ID,1,
wdt:P9929,madhhab,1,
wdt:P9983,Enciclopedia dei ragazzi ID,1,
wdt:P10121,Harvard Art Museums artwork ID,1,
wdt:P10131,The Parliamentary Newspaper ID,1,
wdt:P10219,CNSflora ID,1,
wdt:P10266,AdoroCinema person ID,1,
wdt:P10265,Senators of Spain (1834-1923) ID,1,
wdt:P10278,Encyclopedia of Russian Jewry ID,1,
wdt:P10289,Podchaser numeric creator ID,1,
wdt:P10535,RSPA modern author ID,1,
wdt:P10545,Arizona State Legislators: Then & Now ID,1,
wdt:P10741,dance style,1,
wdt:P10827,IRIS UNIVAQ author ID,1,
wdt:P10874,gov.uk person ID,1,
wdt:P10897,ORKG ID,1,
wdt:P10899,Prophy author ID,1,
wdt:P10984,Communist Party of the Russian Federation person ID,1,
wdt:P11179,MSVF ID,1,
wdt:P11188,Conspiracy Watch ID,1,
wdt:P11196,Baidu Tieba name,1,
wdt:P11207,IRIS UNICT author ID,1,
wdt:P11203,Musicsperlacobla composer ID,1,
wdt:P11208,IRIS UNIME author ID,1,
wdt:P11209,IRIS UNIPA author ID,1,
wdt:P11245,YouTube handle,1,
wdt:P11271,African American Visual Artists Database ID,1,
wdt:P11394,Internet Sacred Text Archive ID,1,
wdt:P11483,Anadolu Agency infographic ID,1,
wdt:P11695,literatura.lv ID,1,
wdt:P11718,OPENBS author ID,1,
wdt:P11725,PubliCatt author ID,1,
wdt:P11827,documenta archiv ID,1,
wdt:P11825,LiteraturPort autorenlexikon ID,1,
wdt:P11850,Encyclopedia.com ID,1,
wdt:P12007,Substack numeric user ID,1,
wdt:P12000,Biographical Directory of Federal Judges numeric ID,1,
wdt:P12009,FantLab translator ID,1,
wdt:P12204,ELMCIP ID,1,
wdt:P12299,Digicarmel ID,1,
wdt:P12389,Veterans Legacy Memorial ID,1,
wdt:P12395,Jinji Koshinroku ID (4th edition),1,
wdt:P12671,Quadrinhopédia person ID,1,
wdt:P12696,Dhliz ID,1,
wdt:P12707,Authority file of the Iraqi Authors ID,1,
wdt:P12815,filmas.lv person ID,1,
wdt:P12880,Filmová databáze person ID,1,
wdt:P12950,Nomes e Voces ID,1,
wdt:P12981,handwriting example,1,
wdt:P13077,Atatürk Ansiklopedisi ID,1,
wdt:P13086,AELC author ID,1,
wdt:P13146,picture of this person doing their job,1,
wdt:P13153,Bibliothèque du Séminaire de Tournai author ID,1,
wdt:P13277,A Dictionary of Sociology entry ID,1,
wdt:P13334,FU-Lexikon ID,1,
